{"version":1,"count":51,"uriToId":{"https://en.wikipedia.org/wiki/African_immigration_to_the_United_States":"2a2a3261-0902-44b5-bfe7-d7ee208fee26","https://en.wikipedia.org/wiki/Glacier_cave":"8ed24e6e-50fd-4baf-9563-4643339ca976","https://en.wikipedia.org/wiki/Circular_motion":"37f80582-72a5-4fa8-83a4-71b43e646bd0","https://en.wikipedia.org/wiki/Prison":"f4acb6f5-133a-4d3f-8b10-8139f708ee4c","https://en.wikipedia.org/wiki/Pump":"50de388e-11a0-4e6d-b33d-eaadf51da09c","https://en.wikipedia.org/wiki/Apollo_Creed":"4a955c0e-6d64-458a-b5e2-f68e85171126","https://en.wikipedia.org/wiki/United_States_federal_judge":"58d7d922-99fb-4ce1-b8b1-2aa30549f46e","https://en.wikipedia.org/wiki/Beretta_21A_Bobcat":"de3bbea8-cc18-42e6-ba5b-50c52252924a","https://en.wikipedia.org/wiki/Tissue_(biology)":"40045162-a9d4-45fb-bedc-977105f4a09b","https://en.wikipedia.org/wiki/Variable_universal_life_insurance":"d645b57a-63d3-46f4-87c7-d26d0884ccda","https://en.wikipedia.org/wiki/Outdoor_wood-fired_boiler":"c59150f2-f4f4-4b1f-9ab2-04bea9742f41","https://en.wikipedia.org/wiki/BMC_Software":"d29f79b0-a088-4e6f-aef5-88fa8e7dcc0f","https://en.wikipedia.org/wiki/Girl_Scout_Cookies":"a2defbaa-828a-424a-b468-54c286960d28","https://en.wikipedia.org/wiki/Purdue_University":"99b847a6-b24b-4ad2-aa78-4c446a5e2091","https://en.wikipedia.org/wiki/Pointe_shoe":"5ddd0d87-3443-4c9a-9461-4f31cf85d36b","https://en.wikipedia.org/wiki/Tablespoon":"d4096156-89f3-41eb-a109-69105601a2e5","https://en.wikipedia.org/wiki/Harry_Potter":"cfd59f8a-1326-42fe-972f-471c668eea5c","https://en.wikipedia.org/wiki/Rocket_engine":"c4d3a895-86e5-43eb-9b29-122c4da34c8f","https://en.wikipedia.org/wiki/...Baby_One_More_Time_(song)":"6135124a-4c7e-42c0-bfc3-b6dad9ca0dec","https://en.wikipedia.org/wiki/Lolita_(1962_film)":"152eed30-ca1e-423b-88d0-e4c8a87ed951","https://en.wikipedia.org/wiki/Cholera":"58ef2930-5b86-414d-af07-6e555da7841b","https://en.wikipedia.org/wiki/The_Picture_of_Dorian_Gray":"0083297e-b329-426c-b21e-b0e1651a7df8","https://en.wikipedia.org/wiki/Zsa_Zsa_Gabor":"6c6f8f15-11d4-47d2-af32-7b9ae041ee66","https://en.wikipedia.org/wiki/Bruce_Lee":"35b95520-3196-48fb-a02b-10de75e3b34f","https://en.wikipedia.org/wiki/Anne_Frank":"3ca8fa9e-ca58-4bdb-9e5d-4f3088943612","https://en.wikipedia.org/wiki/Kurt_Cobain":"a8b0cf95-e038-4820-936a-71f6d31670ea","https://en.wikipedia.org/wiki/Radial_engine":"a66c2497-de20-4cbe-beb0-b72aa647b4a0","https://en.wikipedia.org/wiki/Deepwater_drilling":"df45fa06-7ef3-49aa-a17c-678f4965a2a2","https://en.wikipedia.org/wiki/Monica_Lewinsky":"78eed4ee-07a9-4647-b336-af571a7add3f","https://en.wikipedia.org/wiki/Cornhole":"4a2eea4a-dbf6-4e8f-9e01-1f37ecfcb62a","https://en.wikipedia.org/wiki/American_Gold_Eagle":"5f079aab-c82e-4cb5-97c8-2fa4c6723a3f","https://en.wikipedia.org/wiki/Bikram_Yoga":"9d532d04-4651-42e9-8e00-3bd5e9e2a215","https://en.wikipedia.org/wiki/Christopher_Massey":"a6f5ff49-194a-464f-9152-bb979b3c959b","https://en.wikipedia.org/wiki/Teaspoon":"201edb63-a29f-4c1e-9623-e32ece741c35","https://en.wikipedia.org/wiki/Fern":"86b09a81-2d5e-4e69-b936-2c0745a65d56","https://en.wikipedia.org/wiki/Flat_roof":"dae1f725-8a6a-40a4-8924-e2b05f8beefb","https://en.wikipedia.org/wiki/CD-ROM":"317182e6-4648-4154-b495-58e664316e23","https://en.wikipedia.org/wiki/J._K._Rowling":"c2f455f9-0779-4ee9-9a5a-892660b55969","https://en.wikipedia.org/wiki/Auburndale,_Florida":"288bcb30-7879-46c5-9f4c-7f2a2572443a","https://en.wikipedia.org/wiki/Tropical_cyclone":"21f2db87-e962-408c-9ef3-9864944dc5b1","https://en.wikipedia.org/wiki/Kirk_Douglas":"6d66e607-ad5d-45d9-8f42-69d7b530ad80","https://en.wikipedia.org/wiki/Bob_Seger":"d21a1567-abed-4863-9c44-de54df8baca5","https://en.wikipedia.org/wiki/Alicia_Keys":"e47a7362-1f8c-411b-b2c2-bcaaba419bb4","https://en.wikipedia.org/wiki/I_Love_Lucy":"e4437947-c7a0-4080-8ceb-2907ab9c71af","https://en.wikipedia.org/wiki/Section_(United_States_land_surveying)":"4c64dcf2-ef35-4b6e-9489-de1275806993","https://en.wikipedia.org/wiki/Sebaceous_cyst":"00c264ac-38ba-48a7-a061-020d65883f5a","https://en.wikipedia.org/wiki/Chronic_obstructive_pulmonary_disease":"78b773f1-2541-4928-a9bc-0ab59b02e864","https://en.wikipedia.org/wiki/The_Golden_Girls":"c56b4d71-c648-4cbf-8ea7-18537deaf712","https://en.wikipedia.org/wiki/Frank_Sinatra":"4d4d5ecb-107a-4fed-acb6-a10cf2e538ff","https://en.wikipedia.org/wiki/antibody":"9257ef55-b797-471c-81b7-3d70e2cb8439","https://en.wikipedia.org/wiki/Richard_Nixon":"a41abc7b-a678-4263-b6ec-ae27f374a307"},"idToUri":{"2a2a3261-0902-44b5-bfe7-d7ee208fee26":"https://en.wikipedia.org/wiki/African_immigration_to_the_United_States","8ed24e6e-50fd-4baf-9563-4643339ca976":"https://en.wikipedia.org/wiki/Glacier_cave","37f80582-72a5-4fa8-83a4-71b43e646bd0":"https://en.wikipedia.org/wiki/Circular_motion","f4acb6f5-133a-4d3f-8b10-8139f708ee4c":"https://en.wikipedia.org/wiki/Prison","50de388e-11a0-4e6d-b33d-eaadf51da09c":"https://en.wikipedia.org/wiki/Pump","4a955c0e-6d64-458a-b5e2-f68e85171126":"https://en.wikipedia.org/wiki/Apollo_Creed","58d7d922-99fb-4ce1-b8b1-2aa30549f46e":"https://en.wikipedia.org/wiki/United_States_federal_judge","de3bbea8-cc18-42e6-ba5b-50c52252924a":"https://en.wikipedia.org/wiki/Beretta_21A_Bobcat","40045162-a9d4-45fb-bedc-977105f4a09b":"https://en.wikipedia.org/wiki/Tissue_(biology)","d645b57a-63d3-46f4-87c7-d26d0884ccda":"https://en.wikipedia.org/wiki/Variable_universal_life_insurance","c59150f2-f4f4-4b1f-9ab2-04bea9742f41":"https://en.wikipedia.org/wiki/Outdoor_wood-fired_boiler","d29f79b0-a088-4e6f-aef5-88fa8e7dcc0f":"https://en.wikipedia.org/wiki/BMC_Software","a2defbaa-828a-424a-b468-54c286960d28":"https://en.wikipedia.org/wiki/Girl_Scout_Cookies","99b847a6-b24b-4ad2-aa78-4c446a5e2091":"https://en.wikipedia.org/wiki/Purdue_University","5ddd0d87-3443-4c9a-9461-4f31cf85d36b":"https://en.wikipedia.org/wiki/Pointe_shoe","d4096156-89f3-41eb-a109-69105601a2e5":"https://en.wikipedia.org/wiki/Tablespoon","cfd59f8a-1326-42fe-972f-471c668eea5c":"https://en.wikipedia.org/wiki/Harry_Potter","c4d3a895-86e5-43eb-9b29-122c4da34c8f":"https://en.wikipedia.org/wiki/Rocket_engine","6135124a-4c7e-42c0-bfc3-b6dad9ca0dec":"https://en.wikipedia.org/wiki/...Baby_One_More_Time_(song)","152eed30-ca1e-423b-88d0-e4c8a87ed951":"https://en.wikipedia.org/wiki/Lolita_(1962_film)","58ef2930-5b86-414d-af07-6e555da7841b":"https://en.wikipedia.org/wiki/Cholera","0083297e-b329-426c-b21e-b0e1651a7df8":"https://en.wikipedia.org/wiki/The_Picture_of_Dorian_Gray","6c6f8f15-11d4-47d2-af32-7b9ae041ee66":"https://en.wikipedia.org/wiki/Zsa_Zsa_Gabor","35b95520-3196-48fb-a02b-10de75e3b34f":"https://en.wikipedia.org/wiki/Bruce_Lee","3ca8fa9e-ca58-4bdb-9e5d-4f3088943612":"https://en.wikipedia.org/wiki/Anne_Frank","a8b0cf95-e038-4820-936a-71f6d31670ea":"https://en.wikipedia.org/wiki/Kurt_Cobain","a66c2497-de20-4cbe-beb0-b72aa647b4a0":"https://en.wikipedia.org/wiki/Radial_engine","df45fa06-7ef3-49aa-a17c-678f4965a2a2":"https://en.wikipedia.org/wiki/Deepwater_drilling","78eed4ee-07a9-4647-b336-af571a7add3f":"https://en.wikipedia.org/wiki/Monica_Lewinsky","4a2eea4a-dbf6-4e8f-9e01-1f37ecfcb62a":"https://en.wikipedia.org/wiki/Cornhole","5f079aab-c82e-4cb5-97c8-2fa4c6723a3f":"https://en.wikipedia.org/wiki/American_Gold_Eagle","9d532d04-4651-42e9-8e00-3bd5e9e2a215":"https://en.wikipedia.org/wiki/Bikram_Yoga","a6f5ff49-194a-464f-9152-bb979b3c959b":"https://en.wikipedia.org/wiki/Christopher_Massey","201edb63-a29f-4c1e-9623-e32ece741c35":"https://en.wikipedia.org/wiki/Teaspoon","86b09a81-2d5e-4e69-b936-2c0745a65d56":"https://en.wikipedia.org/wiki/Fern","dae1f725-8a6a-40a4-8924-e2b05f8beefb":"https://en.wikipedia.org/wiki/Flat_roof","317182e6-4648-4154-b495-58e664316e23":"https://en.wikipedia.org/wiki/CD-ROM","c2f455f9-0779-4ee9-9a5a-892660b55969":"https://en.wikipedia.org/wiki/J._K._Rowling","288bcb30-7879-46c5-9f4c-7f2a2572443a":"https://en.wikipedia.org/wiki/Auburndale,_Florida","21f2db87-e962-408c-9ef3-9864944dc5b1":"https://en.wikipedia.org/wiki/Tropical_cyclone","6d66e607-ad5d-45d9-8f42-69d7b530ad80":"https://en.wikipedia.org/wiki/Kirk_Douglas","d21a1567-abed-4863-9c44-de54df8baca5":"https://en.wikipedia.org/wiki/Bob_Seger","e47a7362-1f8c-411b-b2c2-bcaaba419bb4":"https://en.wikipedia.org/wiki/Alicia_Keys","e4437947-c7a0-4080-8ceb-2907ab9c71af":"https://en.wikipedia.org/wiki/I_Love_Lucy","4c64dcf2-ef35-4b6e-9489-de1275806993":"https://en.wikipedia.org/wiki/Section_(United_States_land_surveying)","00c264ac-38ba-48a7-a061-020d65883f5a":"https://en.wikipedia.org/wiki/Sebaceous_cyst","78b773f1-2541-4928-a9bc-0ab59b02e864":"https://en.wikipedia.org/wiki/Chronic_obstructive_pulmonary_disease","c56b4d71-c648-4cbf-8ea7-18537deaf712":"https://en.wikipedia.org/wiki/The_Golden_Girls","4d4d5ecb-107a-4fed-acb6-a10cf2e538ff":"https://en.wikipedia.org/wiki/Frank_Sinatra","9257ef55-b797-471c-81b7-3d70e2cb8439":"https://en.wikipedia.org/wiki/antibody","a41abc7b-a678-4263-b6ec-ae27f374a307":"https://en.wikipedia.org/wiki/Richard_Nixon"}}